File Definition, /mnt/hgfs/OpenSatKit/cosmos/config/tools/table_manager/hk_copy_tbl.txt
File Binary, /mnt/hgfs/OpenSatKit/cosmos/cfs_kit/file_server/tables/hk_tbl_default.dat

HK COPY
Label, Value
CONTENT TYPE, cFE1, 
SUBTYPE, 8, 
LENGTH, 64, 
SPACECRAFT ID, 42, 
PROCESSOR ID, 1, 
APPLICATION ID, 4, 
TIME SECONDS, 1001057, 
TIME SUBSECONDS, 2512572416, 
DESCRIPTION, Table Dump Image, 
RESERVED, 0, 
OFFSET, 0, 
NUMBYTE, 1280, 
NAME, HK.CopyTable, 
ENTRY0_INPUT_MID, 0x0801, 
ENTRY0_INPUT_OFFSET, 12, 
ENTRY0_OUTPUT_MID, 0x089C, 
ENTRY0_OUTPUT_OFFSET, 12, 
ENTRY0_NUM_BYTES, 4, 
ENTRY1_INPUT_MID, 0x0805, 
ENTRY1_INPUT_OFFSET, 12, 
ENTRY1_OUTPUT_MID, 0x089C, 
ENTRY1_OUTPUT_OFFSET, 16, 
ENTRY1_NUM_BYTES, 4, 
ENTRY2_INPUT_MID, 0x0803, 
ENTRY2_INPUT_OFFSET, 12, 
ENTRY2_OUTPUT_MID, 0x089C, 
ENTRY2_OUTPUT_OFFSET, 20, 
ENTRY2_NUM_BYTES, 4, 
ENTRY3_INPUT_MID, 0x0800, 
ENTRY3_INPUT_OFFSET, 12, 
ENTRY3_OUTPUT_MID, 0x089C, 
ENTRY3_OUTPUT_OFFSET, 24, 
ENTRY3_NUM_BYTES, 4, 
ENTRY4_INPUT_MID, 0x0804, 
ENTRY4_INPUT_OFFSET, 12, 
ENTRY4_OUTPUT_MID, 0x089C, 
ENTRY4_OUTPUT_OFFSET, 28, 
ENTRY4_NUM_BYTES, 4, 
ENTRY5_INPUT_MID, 0x0000, 
ENTRY5_INPUT_OFFSET, 0, 
ENTRY5_OUTPUT_MID, 0x0000, 
ENTRY5_OUTPUT_OFFSET, 0, 
ENTRY5_NUM_BYTES, 0, 
ENTRY6_INPUT_MID, 0x0000, 
ENTRY6_INPUT_OFFSET, 0, 
ENTRY6_OUTPUT_MID, 0x0000, 
ENTRY6_OUTPUT_OFFSET, 0, 
ENTRY6_NUM_BYTES, 0, 
ENTRY7_INPUT_MID, 0x0000, 
ENTRY7_INPUT_OFFSET, 0, 
ENTRY7_OUTPUT_MID, 0x0000, 
ENTRY7_OUTPUT_OFFSET, 0, 
ENTRY7_NUM_BYTES, 0, 
ENTRY8_INPUT_MID, 0x0000, 
ENTRY8_INPUT_OFFSET, 0, 
ENTRY8_OUTPUT_MID, 0x0000, 
ENTRY8_OUTPUT_OFFSET, 0, 
ENTRY8_NUM_BYTES, 0, 
ENTRY9_INPUT_MID, 0x0000, 
ENTRY9_INPUT_OFFSET, 0, 
ENTRY9_OUTPUT_MID, 0x0000, 
ENTRY9_OUTPUT_OFFSET, 0, 
ENTRY9_NUM_BYTES, 0, 
ENTRY10_INPUT_MID, 0x0000, 
ENTRY10_INPUT_OFFSET, 0, 
ENTRY10_OUTPUT_MID, 0x0000, 
ENTRY10_OUTPUT_OFFSET, 0, 
ENTRY10_NUM_BYTES, 0, 
ENTRY11_INPUT_MID, 0x0000, 
ENTRY11_INPUT_OFFSET, 0, 
ENTRY11_OUTPUT_MID, 0x0000, 
ENTRY11_OUTPUT_OFFSET, 0, 
ENTRY11_NUM_BYTES, 0, 
ENTRY12_INPUT_MID, 0x0000, 
ENTRY12_INPUT_OFFSET, 0, 
ENTRY12_OUTPUT_MID, 0x0000, 
ENTRY12_OUTPUT_OFFSET, 0, 
ENTRY12_NUM_BYTES, 0, 
ENTRY13_INPUT_MID, 0x0000, 
ENTRY13_INPUT_OFFSET, 0, 
ENTRY13_OUTPUT_MID, 0x0000, 
ENTRY13_OUTPUT_OFFSET, 0, 
ENTRY13_NUM_BYTES, 0, 
ENTRY14_INPUT_MID, 0x0000, 
ENTRY14_INPUT_OFFSET, 0, 
ENTRY14_OUTPUT_MID, 0x0000, 
ENTRY14_OUTPUT_OFFSET, 0, 
ENTRY14_NUM_BYTES, 0, 
ENTRY15_INPUT_MID, 0x0000, 
ENTRY15_INPUT_OFFSET, 0, 
ENTRY15_OUTPUT_MID, 0x0000, 
ENTRY15_OUTPUT_OFFSET, 0, 
ENTRY15_NUM_BYTES, 0, 
ENTRY16_INPUT_MID, 0x0000, 
ENTRY16_INPUT_OFFSET, 0, 
ENTRY16_OUTPUT_MID, 0x0000, 
ENTRY16_OUTPUT_OFFSET, 0, 
ENTRY16_NUM_BYTES, 0, 
ENTRY17_INPUT_MID, 0x0000, 
ENTRY17_INPUT_OFFSET, 0, 
ENTRY17_OUTPUT_MID, 0x0000, 
ENTRY17_OUTPUT_OFFSET, 0, 
ENTRY17_NUM_BYTES, 0, 
ENTRY18_INPUT_MID, 0x0000, 
ENTRY18_INPUT_OFFSET, 0, 
ENTRY18_OUTPUT_MID, 0x0000, 
ENTRY18_OUTPUT_OFFSET, 0, 
ENTRY18_NUM_BYTES, 0, 
ENTRY19_INPUT_MID, 0x0000, 
ENTRY19_INPUT_OFFSET, 0, 
ENTRY19_OUTPUT_MID, 0x0000, 
ENTRY19_OUTPUT_OFFSET, 0, 
ENTRY19_NUM_BYTES, 0, 
ENTRY20_INPUT_MID, 0x0000, 
ENTRY20_INPUT_OFFSET, 0, 
ENTRY20_OUTPUT_MID, 0x0000, 
ENTRY20_OUTPUT_OFFSET, 0, 
ENTRY20_NUM_BYTES, 0, 
ENTRY21_INPUT_MID, 0x0000, 
ENTRY21_INPUT_OFFSET, 0, 
ENTRY21_OUTPUT_MID, 0x0000, 
ENTRY21_OUTPUT_OFFSET, 0, 
ENTRY21_NUM_BYTES, 0, 
ENTRY22_INPUT_MID, 0x0000, 
ENTRY22_INPUT_OFFSET, 0, 
ENTRY22_OUTPUT_MID, 0x0000, 
ENTRY22_OUTPUT_OFFSET, 0, 
ENTRY22_NUM_BYTES, 0, 
ENTRY23_INPUT_MID, 0x0000, 
ENTRY23_INPUT_OFFSET, 0, 
ENTRY23_OUTPUT_MID, 0x0000, 
ENTRY23_OUTPUT_OFFSET, 0, 
ENTRY23_NUM_BYTES, 0, 
ENTRY24_INPUT_MID, 0x0000, 
ENTRY24_INPUT_OFFSET, 0, 
ENTRY24_OUTPUT_MID, 0x0000, 
ENTRY24_OUTPUT_OFFSET, 0, 
ENTRY24_NUM_BYTES, 0, 
ENTRY25_INPUT_MID, 0x0000, 
ENTRY25_INPUT_OFFSET, 0, 
ENTRY25_OUTPUT_MID, 0x0000, 
ENTRY25_OUTPUT_OFFSET, 0, 
ENTRY25_NUM_BYTES, 0, 
ENTRY26_INPUT_MID, 0x0000, 
ENTRY26_INPUT_OFFSET, 0, 
ENTRY26_OUTPUT_MID, 0x0000, 
ENTRY26_OUTPUT_OFFSET, 0, 
ENTRY26_NUM_BYTES, 0, 
ENTRY27_INPUT_MID, 0x0000, 
ENTRY27_INPUT_OFFSET, 0, 
ENTRY27_OUTPUT_MID, 0x0000, 
ENTRY27_OUTPUT_OFFSET, 0, 
ENTRY27_NUM_BYTES, 0, 
ENTRY28_INPUT_MID, 0x0000, 
ENTRY28_INPUT_OFFSET, 0, 
ENTRY28_OUTPUT_MID, 0x0000, 
ENTRY28_OUTPUT_OFFSET, 0, 
ENTRY28_NUM_BYTES, 0, 
ENTRY29_INPUT_MID, 0x0000, 
ENTRY29_INPUT_OFFSET, 0, 
ENTRY29_OUTPUT_MID, 0x0000, 
ENTRY29_OUTPUT_OFFSET, 0, 
ENTRY29_NUM_BYTES, 0, 
ENTRY30_INPUT_MID, 0x0000, 
ENTRY30_INPUT_OFFSET, 0, 
ENTRY30_OUTPUT_MID, 0x0000, 
ENTRY30_OUTPUT_OFFSET, 0, 
ENTRY30_NUM_BYTES, 0, 
ENTRY31_INPUT_MID, 0x0000, 
ENTRY31_INPUT_OFFSET, 0, 
ENTRY31_OUTPUT_MID, 0x0000, 
ENTRY31_OUTPUT_OFFSET, 0, 
ENTRY31_NUM_BYTES, 0, 
ENTRY32_INPUT_MID, 0x0000, 
ENTRY32_INPUT_OFFSET, 0, 
ENTRY32_OUTPUT_MID, 0x0000, 
ENTRY32_OUTPUT_OFFSET, 0, 
ENTRY32_NUM_BYTES, 0, 
ENTRY33_INPUT_MID, 0x0000, 
ENTRY33_INPUT_OFFSET, 0, 
ENTRY33_OUTPUT_MID, 0x0000, 
ENTRY33_OUTPUT_OFFSET, 0, 
ENTRY33_NUM_BYTES, 0, 
ENTRY34_INPUT_MID, 0x0000, 
ENTRY34_INPUT_OFFSET, 0, 
ENTRY34_OUTPUT_MID, 0x0000, 
ENTRY34_OUTPUT_OFFSET, 0, 
ENTRY34_NUM_BYTES, 0, 
ENTRY35_INPUT_MID, 0x0000, 
ENTRY35_INPUT_OFFSET, 0, 
ENTRY35_OUTPUT_MID, 0x0000, 
ENTRY35_OUTPUT_OFFSET, 0, 
ENTRY35_NUM_BYTES, 0, 
ENTRY36_INPUT_MID, 0x0000, 
ENTRY36_INPUT_OFFSET, 0, 
ENTRY36_OUTPUT_MID, 0x0000, 
ENTRY36_OUTPUT_OFFSET, 0, 
ENTRY36_NUM_BYTES, 0, 
ENTRY37_INPUT_MID, 0x0000, 
ENTRY37_INPUT_OFFSET, 0, 
ENTRY37_OUTPUT_MID, 0x0000, 
ENTRY37_OUTPUT_OFFSET, 0, 
ENTRY37_NUM_BYTES, 0, 
ENTRY38_INPUT_MID, 0x0000, 
ENTRY38_INPUT_OFFSET, 0, 
ENTRY38_OUTPUT_MID, 0x0000, 
ENTRY38_OUTPUT_OFFSET, 0, 
ENTRY38_NUM_BYTES, 0, 
ENTRY39_INPUT_MID, 0x0000, 
ENTRY39_INPUT_OFFSET, 0, 
ENTRY39_OUTPUT_MID, 0x0000, 
ENTRY39_OUTPUT_OFFSET, 0, 
ENTRY39_NUM_BYTES, 0, 
ENTRY40_INPUT_MID, 0x0000, 
ENTRY40_INPUT_OFFSET, 0, 
ENTRY40_OUTPUT_MID, 0x0000, 
ENTRY40_OUTPUT_OFFSET, 0, 
ENTRY40_NUM_BYTES, 0, 
ENTRY41_INPUT_MID, 0x0000, 
ENTRY41_INPUT_OFFSET, 0, 
ENTRY41_OUTPUT_MID, 0x0000, 
ENTRY41_OUTPUT_OFFSET, 0, 
ENTRY41_NUM_BYTES, 0, 
ENTRY42_INPUT_MID, 0x0000, 
ENTRY42_INPUT_OFFSET, 0, 
ENTRY42_OUTPUT_MID, 0x0000, 
ENTRY42_OUTPUT_OFFSET, 0, 
ENTRY42_NUM_BYTES, 0, 
ENTRY43_INPUT_MID, 0x0000, 
ENTRY43_INPUT_OFFSET, 0, 
ENTRY43_OUTPUT_MID, 0x0000, 
ENTRY43_OUTPUT_OFFSET, 0, 
ENTRY43_NUM_BYTES, 0, 
ENTRY44_INPUT_MID, 0x0000, 
ENTRY44_INPUT_OFFSET, 0, 
ENTRY44_OUTPUT_MID, 0x0000, 
ENTRY44_OUTPUT_OFFSET, 0, 
ENTRY44_NUM_BYTES, 0, 
ENTRY45_INPUT_MID, 0x0000, 
ENTRY45_INPUT_OFFSET, 0, 
ENTRY45_OUTPUT_MID, 0x0000, 
ENTRY45_OUTPUT_OFFSET, 0, 
ENTRY45_NUM_BYTES, 0, 
ENTRY46_INPUT_MID, 0x0000, 
ENTRY46_INPUT_OFFSET, 0, 
ENTRY46_OUTPUT_MID, 0x0000, 
ENTRY46_OUTPUT_OFFSET, 0, 
ENTRY46_NUM_BYTES, 0, 
ENTRY47_INPUT_MID, 0x0000, 
ENTRY47_INPUT_OFFSET, 0, 
ENTRY47_OUTPUT_MID, 0x0000, 
ENTRY47_OUTPUT_OFFSET, 0, 
ENTRY47_NUM_BYTES, 0, 
ENTRY48_INPUT_MID, 0x0000, 
ENTRY48_INPUT_OFFSET, 0, 
ENTRY48_OUTPUT_MID, 0x0000, 
ENTRY48_OUTPUT_OFFSET, 0, 
ENTRY48_NUM_BYTES, 0, 
ENTRY49_INPUT_MID, 0x0000, 
ENTRY49_INPUT_OFFSET, 0, 
ENTRY49_OUTPUT_MID, 0x0000, 
ENTRY49_OUTPUT_OFFSET, 0, 
ENTRY49_NUM_BYTES, 0, 
ENTRY50_INPUT_MID, 0x0000, 
ENTRY50_INPUT_OFFSET, 0, 
ENTRY50_OUTPUT_MID, 0x0000, 
ENTRY50_OUTPUT_OFFSET, 0, 
ENTRY50_NUM_BYTES, 0, 
ENTRY51_INPUT_MID, 0x0000, 
ENTRY51_INPUT_OFFSET, 0, 
ENTRY51_OUTPUT_MID, 0x0000, 
ENTRY51_OUTPUT_OFFSET, 0, 
ENTRY51_NUM_BYTES, 0, 
ENTRY52_INPUT_MID, 0x0000, 
ENTRY52_INPUT_OFFSET, 0, 
ENTRY52_OUTPUT_MID, 0x0000, 
ENTRY52_OUTPUT_OFFSET, 0, 
ENTRY52_NUM_BYTES, 0, 
ENTRY53_INPUT_MID, 0x0000, 
ENTRY53_INPUT_OFFSET, 0, 
ENTRY53_OUTPUT_MID, 0x0000, 
ENTRY53_OUTPUT_OFFSET, 0, 
ENTRY53_NUM_BYTES, 0, 
ENTRY54_INPUT_MID, 0x0000, 
ENTRY54_INPUT_OFFSET, 0, 
ENTRY54_OUTPUT_MID, 0x0000, 
ENTRY54_OUTPUT_OFFSET, 0, 
ENTRY54_NUM_BYTES, 0, 
ENTRY55_INPUT_MID, 0x0000, 
ENTRY55_INPUT_OFFSET, 0, 
ENTRY55_OUTPUT_MID, 0x0000, 
ENTRY55_OUTPUT_OFFSET, 0, 
ENTRY55_NUM_BYTES, 0, 
ENTRY56_INPUT_MID, 0x0000, 
ENTRY56_INPUT_OFFSET, 0, 
ENTRY56_OUTPUT_MID, 0x0000, 
ENTRY56_OUTPUT_OFFSET, 0, 
ENTRY56_NUM_BYTES, 0, 
ENTRY57_INPUT_MID, 0x0000, 
ENTRY57_INPUT_OFFSET, 0, 
ENTRY57_OUTPUT_MID, 0x0000, 
ENTRY57_OUTPUT_OFFSET, 0, 
ENTRY57_NUM_BYTES, 0, 
ENTRY58_INPUT_MID, 0x0000, 
ENTRY58_INPUT_OFFSET, 0, 
ENTRY58_OUTPUT_MID, 0x0000, 
ENTRY58_OUTPUT_OFFSET, 0, 
ENTRY58_NUM_BYTES, 0, 
ENTRY59_INPUT_MID, 0x0000, 
ENTRY59_INPUT_OFFSET, 0, 
ENTRY59_OUTPUT_MID, 0x0000, 
ENTRY59_OUTPUT_OFFSET, 0, 
ENTRY59_NUM_BYTES, 0, 
ENTRY60_INPUT_MID, 0x0000, 
ENTRY60_INPUT_OFFSET, 0, 
ENTRY60_OUTPUT_MID, 0x0000, 
ENTRY60_OUTPUT_OFFSET, 0, 
ENTRY60_NUM_BYTES, 0, 
ENTRY61_INPUT_MID, 0x0000, 
ENTRY61_INPUT_OFFSET, 0, 
ENTRY61_OUTPUT_MID, 0x0000, 
ENTRY61_OUTPUT_OFFSET, 0, 
ENTRY61_NUM_BYTES, 0, 
ENTRY62_INPUT_MID, 0x0000, 
ENTRY62_INPUT_OFFSET, 0, 
ENTRY62_OUTPUT_MID, 0x0000, 
ENTRY62_OUTPUT_OFFSET, 0, 
ENTRY62_NUM_BYTES, 0, 
ENTRY63_INPUT_MID, 0x0000, 
ENTRY63_INPUT_OFFSET, 0, 
ENTRY63_OUTPUT_MID, 0x0000, 
ENTRY63_OUTPUT_OFFSET, 0, 
ENTRY63_NUM_BYTES, 0, 
ENTRY64_INPUT_MID, 0x0000, 
ENTRY64_INPUT_OFFSET, 0, 
ENTRY64_OUTPUT_MID, 0x0000, 
ENTRY64_OUTPUT_OFFSET, 0, 
ENTRY64_NUM_BYTES, 0, 
ENTRY65_INPUT_MID, 0x0000, 
ENTRY65_INPUT_OFFSET, 0, 
ENTRY65_OUTPUT_MID, 0x0000, 
ENTRY65_OUTPUT_OFFSET, 0, 
ENTRY65_NUM_BYTES, 0, 
ENTRY66_INPUT_MID, 0x0000, 
ENTRY66_INPUT_OFFSET, 0, 
ENTRY66_OUTPUT_MID, 0x0000, 
ENTRY66_OUTPUT_OFFSET, 0, 
ENTRY66_NUM_BYTES, 0, 
ENTRY67_INPUT_MID, 0x0000, 
ENTRY67_INPUT_OFFSET, 0, 
ENTRY67_OUTPUT_MID, 0x0000, 
ENTRY67_OUTPUT_OFFSET, 0, 
ENTRY67_NUM_BYTES, 0, 
ENTRY68_INPUT_MID, 0x0000, 
ENTRY68_INPUT_OFFSET, 0, 
ENTRY68_OUTPUT_MID, 0x0000, 
ENTRY68_OUTPUT_OFFSET, 0, 
ENTRY68_NUM_BYTES, 0, 
ENTRY69_INPUT_MID, 0x0000, 
ENTRY69_INPUT_OFFSET, 0, 
ENTRY69_OUTPUT_MID, 0x0000, 
ENTRY69_OUTPUT_OFFSET, 0, 
ENTRY69_NUM_BYTES, 0, 
ENTRY70_INPUT_MID, 0x0000, 
ENTRY70_INPUT_OFFSET, 0, 
ENTRY70_OUTPUT_MID, 0x0000, 
ENTRY70_OUTPUT_OFFSET, 0, 
ENTRY70_NUM_BYTES, 0, 
ENTRY71_INPUT_MID, 0x0000, 
ENTRY71_INPUT_OFFSET, 0, 
ENTRY71_OUTPUT_MID, 0x0000, 
ENTRY71_OUTPUT_OFFSET, 0, 
ENTRY71_NUM_BYTES, 0, 
ENTRY72_INPUT_MID, 0x0000, 
ENTRY72_INPUT_OFFSET, 0, 
ENTRY72_OUTPUT_MID, 0x0000, 
ENTRY72_OUTPUT_OFFSET, 0, 
ENTRY72_NUM_BYTES, 0, 
ENTRY73_INPUT_MID, 0x0000, 
ENTRY73_INPUT_OFFSET, 0, 
ENTRY73_OUTPUT_MID, 0x0000, 
ENTRY73_OUTPUT_OFFSET, 0, 
ENTRY73_NUM_BYTES, 0, 
ENTRY74_INPUT_MID, 0x0000, 
ENTRY74_INPUT_OFFSET, 0, 
ENTRY74_OUTPUT_MID, 0x0000, 
ENTRY74_OUTPUT_OFFSET, 0, 
ENTRY74_NUM_BYTES, 0, 
ENTRY75_INPUT_MID, 0x0000, 
ENTRY75_INPUT_OFFSET, 0, 
ENTRY75_OUTPUT_MID, 0x0000, 
ENTRY75_OUTPUT_OFFSET, 0, 
ENTRY75_NUM_BYTES, 0, 
ENTRY76_INPUT_MID, 0x0000, 
ENTRY76_INPUT_OFFSET, 0, 
ENTRY76_OUTPUT_MID, 0x0000, 
ENTRY76_OUTPUT_OFFSET, 0, 
ENTRY76_NUM_BYTES, 0, 
ENTRY77_INPUT_MID, 0x0000, 
ENTRY77_INPUT_OFFSET, 0, 
ENTRY77_OUTPUT_MID, 0x0000, 
ENTRY77_OUTPUT_OFFSET, 0, 
ENTRY77_NUM_BYTES, 0, 
ENTRY78_INPUT_MID, 0x0000, 
ENTRY78_INPUT_OFFSET, 0, 
ENTRY78_OUTPUT_MID, 0x0000, 
ENTRY78_OUTPUT_OFFSET, 0, 
ENTRY78_NUM_BYTES, 0, 
ENTRY79_INPUT_MID, 0x0000, 
ENTRY79_INPUT_OFFSET, 0, 
ENTRY79_OUTPUT_MID, 0x0000, 
ENTRY79_OUTPUT_OFFSET, 0, 
ENTRY79_NUM_BYTES, 0, 
ENTRY80_INPUT_MID, 0x0000, 
ENTRY80_INPUT_OFFSET, 0, 
ENTRY80_OUTPUT_MID, 0x0000, 
ENTRY80_OUTPUT_OFFSET, 0, 
ENTRY80_NUM_BYTES, 0, 
ENTRY81_INPUT_MID, 0x0000, 
ENTRY81_INPUT_OFFSET, 0, 
ENTRY81_OUTPUT_MID, 0x0000, 
ENTRY81_OUTPUT_OFFSET, 0, 
ENTRY81_NUM_BYTES, 0, 
ENTRY82_INPUT_MID, 0x0000, 
ENTRY82_INPUT_OFFSET, 0, 
ENTRY82_OUTPUT_MID, 0x0000, 
ENTRY82_OUTPUT_OFFSET, 0, 
ENTRY82_NUM_BYTES, 0, 
ENTRY83_INPUT_MID, 0x0000, 
ENTRY83_INPUT_OFFSET, 0, 
ENTRY83_OUTPUT_MID, 0x0000, 
ENTRY83_OUTPUT_OFFSET, 0, 
ENTRY83_NUM_BYTES, 0, 
ENTRY84_INPUT_MID, 0x0000, 
ENTRY84_INPUT_OFFSET, 0, 
ENTRY84_OUTPUT_MID, 0x0000, 
ENTRY84_OUTPUT_OFFSET, 0, 
ENTRY84_NUM_BYTES, 0, 
ENTRY85_INPUT_MID, 0x0000, 
ENTRY85_INPUT_OFFSET, 0, 
ENTRY85_OUTPUT_MID, 0x0000, 
ENTRY85_OUTPUT_OFFSET, 0, 
ENTRY85_NUM_BYTES, 0, 
ENTRY86_INPUT_MID, 0x0000, 
ENTRY86_INPUT_OFFSET, 0, 
ENTRY86_OUTPUT_MID, 0x0000, 
ENTRY86_OUTPUT_OFFSET, 0, 
ENTRY86_NUM_BYTES, 0, 
ENTRY87_INPUT_MID, 0x0000, 
ENTRY87_INPUT_OFFSET, 0, 
ENTRY87_OUTPUT_MID, 0x0000, 
ENTRY87_OUTPUT_OFFSET, 0, 
ENTRY87_NUM_BYTES, 0, 
ENTRY88_INPUT_MID, 0x0000, 
ENTRY88_INPUT_OFFSET, 0, 
ENTRY88_OUTPUT_MID, 0x0000, 
ENTRY88_OUTPUT_OFFSET, 0, 
ENTRY88_NUM_BYTES, 0, 
ENTRY89_INPUT_MID, 0x0000, 
ENTRY89_INPUT_OFFSET, 0, 
ENTRY89_OUTPUT_MID, 0x0000, 
ENTRY89_OUTPUT_OFFSET, 0, 
ENTRY89_NUM_BYTES, 0, 
ENTRY90_INPUT_MID, 0x0000, 
ENTRY90_INPUT_OFFSET, 0, 
ENTRY90_OUTPUT_MID, 0x0000, 
ENTRY90_OUTPUT_OFFSET, 0, 
ENTRY90_NUM_BYTES, 0, 
ENTRY91_INPUT_MID, 0x0000, 
ENTRY91_INPUT_OFFSET, 0, 
ENTRY91_OUTPUT_MID, 0x0000, 
ENTRY91_OUTPUT_OFFSET, 0, 
ENTRY91_NUM_BYTES, 0, 
ENTRY92_INPUT_MID, 0x0000, 
ENTRY92_INPUT_OFFSET, 0, 
ENTRY92_OUTPUT_MID, 0x0000, 
ENTRY92_OUTPUT_OFFSET, 0, 
ENTRY92_NUM_BYTES, 0, 
ENTRY93_INPUT_MID, 0x0000, 
ENTRY93_INPUT_OFFSET, 0, 
ENTRY93_OUTPUT_MID, 0x0000, 
ENTRY93_OUTPUT_OFFSET, 0, 
ENTRY93_NUM_BYTES, 0, 
ENTRY94_INPUT_MID, 0x0000, 
ENTRY94_INPUT_OFFSET, 0, 
ENTRY94_OUTPUT_MID, 0x0000, 
ENTRY94_OUTPUT_OFFSET, 0, 
ENTRY94_NUM_BYTES, 0, 
ENTRY95_INPUT_MID, 0x0000, 
ENTRY95_INPUT_OFFSET, 0, 
ENTRY95_OUTPUT_MID, 0x0000, 
ENTRY95_OUTPUT_OFFSET, 0, 
ENTRY95_NUM_BYTES, 0, 
ENTRY96_INPUT_MID, 0x0000, 
ENTRY96_INPUT_OFFSET, 0, 
ENTRY96_OUTPUT_MID, 0x0000, 
ENTRY96_OUTPUT_OFFSET, 0, 
ENTRY96_NUM_BYTES, 0, 
ENTRY97_INPUT_MID, 0x0000, 
ENTRY97_INPUT_OFFSET, 0, 
ENTRY97_OUTPUT_MID, 0x0000, 
ENTRY97_OUTPUT_OFFSET, 0, 
ENTRY97_NUM_BYTES, 0, 
ENTRY98_INPUT_MID, 0x0000, 
ENTRY98_INPUT_OFFSET, 0, 
ENTRY98_OUTPUT_MID, 0x0000, 
ENTRY98_OUTPUT_OFFSET, 0, 
ENTRY98_NUM_BYTES, 0, 
ENTRY99_INPUT_MID, 0x0000, 
ENTRY99_INPUT_OFFSET, 0, 
ENTRY99_OUTPUT_MID, 0x0000, 
ENTRY99_OUTPUT_OFFSET, 0, 
ENTRY99_NUM_BYTES, 0, 
ENTRY100_INPUT_MID, 0x0000, 
ENTRY100_INPUT_OFFSET, 0, 
ENTRY100_OUTPUT_MID, 0x0000, 
ENTRY100_OUTPUT_OFFSET, 0, 
ENTRY100_NUM_BYTES, 0, 
ENTRY101_INPUT_MID, 0x0000, 
ENTRY101_INPUT_OFFSET, 0, 
ENTRY101_OUTPUT_MID, 0x0000, 
ENTRY101_OUTPUT_OFFSET, 0, 
ENTRY101_NUM_BYTES, 0, 
ENTRY102_INPUT_MID, 0x0000, 
ENTRY102_INPUT_OFFSET, 0, 
ENTRY102_OUTPUT_MID, 0x0000, 
ENTRY102_OUTPUT_OFFSET, 0, 
ENTRY102_NUM_BYTES, 0, 
ENTRY103_INPUT_MID, 0x0000, 
ENTRY103_INPUT_OFFSET, 0, 
ENTRY103_OUTPUT_MID, 0x0000, 
ENTRY103_OUTPUT_OFFSET, 0, 
ENTRY103_NUM_BYTES, 0, 
ENTRY104_INPUT_MID, 0x0000, 
ENTRY104_INPUT_OFFSET, 0, 
ENTRY104_OUTPUT_MID, 0x0000, 
ENTRY104_OUTPUT_OFFSET, 0, 
ENTRY104_NUM_BYTES, 0, 
ENTRY105_INPUT_MID, 0x0000, 
ENTRY105_INPUT_OFFSET, 0, 
ENTRY105_OUTPUT_MID, 0x0000, 
ENTRY105_OUTPUT_OFFSET, 0, 
ENTRY105_NUM_BYTES, 0, 
ENTRY106_INPUT_MID, 0x0000, 
ENTRY106_INPUT_OFFSET, 0, 
ENTRY106_OUTPUT_MID, 0x0000, 
ENTRY106_OUTPUT_OFFSET, 0, 
ENTRY106_NUM_BYTES, 0, 
ENTRY107_INPUT_MID, 0x0000, 
ENTRY107_INPUT_OFFSET, 0, 
ENTRY107_OUTPUT_MID, 0x0000, 
ENTRY107_OUTPUT_OFFSET, 0, 
ENTRY107_NUM_BYTES, 0, 
ENTRY108_INPUT_MID, 0x0000, 
ENTRY108_INPUT_OFFSET, 0, 
ENTRY108_OUTPUT_MID, 0x0000, 
ENTRY108_OUTPUT_OFFSET, 0, 
ENTRY108_NUM_BYTES, 0, 
ENTRY109_INPUT_MID, 0x0000, 
ENTRY109_INPUT_OFFSET, 0, 
ENTRY109_OUTPUT_MID, 0x0000, 
ENTRY109_OUTPUT_OFFSET, 0, 
ENTRY109_NUM_BYTES, 0, 
ENTRY110_INPUT_MID, 0x0000, 
ENTRY110_INPUT_OFFSET, 0, 
ENTRY110_OUTPUT_MID, 0x0000, 
ENTRY110_OUTPUT_OFFSET, 0, 
ENTRY110_NUM_BYTES, 0, 
ENTRY111_INPUT_MID, 0x0000, 
ENTRY111_INPUT_OFFSET, 0, 
ENTRY111_OUTPUT_MID, 0x0000, 
ENTRY111_OUTPUT_OFFSET, 0, 
ENTRY111_NUM_BYTES, 0, 
ENTRY112_INPUT_MID, 0x0000, 
ENTRY112_INPUT_OFFSET, 0, 
ENTRY112_OUTPUT_MID, 0x0000, 
ENTRY112_OUTPUT_OFFSET, 0, 
ENTRY112_NUM_BYTES, 0, 
ENTRY113_INPUT_MID, 0x0000, 
ENTRY113_INPUT_OFFSET, 0, 
ENTRY113_OUTPUT_MID, 0x0000, 
ENTRY113_OUTPUT_OFFSET, 0, 
ENTRY113_NUM_BYTES, 0, 
ENTRY114_INPUT_MID, 0x0000, 
ENTRY114_INPUT_OFFSET, 0, 
ENTRY114_OUTPUT_MID, 0x0000, 
ENTRY114_OUTPUT_OFFSET, 0, 
ENTRY114_NUM_BYTES, 0, 
ENTRY115_INPUT_MID, 0x0000, 
ENTRY115_INPUT_OFFSET, 0, 
ENTRY115_OUTPUT_MID, 0x0000, 
ENTRY115_OUTPUT_OFFSET, 0, 
ENTRY115_NUM_BYTES, 0, 
ENTRY116_INPUT_MID, 0x0000, 
ENTRY116_INPUT_OFFSET, 0, 
ENTRY116_OUTPUT_MID, 0x0000, 
ENTRY116_OUTPUT_OFFSET, 0, 
ENTRY116_NUM_BYTES, 0, 
ENTRY117_INPUT_MID, 0x0000, 
ENTRY117_INPUT_OFFSET, 0, 
ENTRY117_OUTPUT_MID, 0x0000, 
ENTRY117_OUTPUT_OFFSET, 0, 
ENTRY117_NUM_BYTES, 0, 
ENTRY118_INPUT_MID, 0x0000, 
ENTRY118_INPUT_OFFSET, 0, 
ENTRY118_OUTPUT_MID, 0x0000, 
ENTRY118_OUTPUT_OFFSET, 0, 
ENTRY118_NUM_BYTES, 0, 
ENTRY119_INPUT_MID, 0x0000, 
ENTRY119_INPUT_OFFSET, 0, 
ENTRY119_OUTPUT_MID, 0x0000, 
ENTRY119_OUTPUT_OFFSET, 0, 
ENTRY119_NUM_BYTES, 0, 
ENTRY120_INPUT_MID, 0x0000, 
ENTRY120_INPUT_OFFSET, 0, 
ENTRY120_OUTPUT_MID, 0x0000, 
ENTRY120_OUTPUT_OFFSET, 0, 
ENTRY120_NUM_BYTES, 0, 
ENTRY121_INPUT_MID, 0x0000, 
ENTRY121_INPUT_OFFSET, 0, 
ENTRY121_OUTPUT_MID, 0x0000, 
ENTRY121_OUTPUT_OFFSET, 0, 
ENTRY121_NUM_BYTES, 0, 
ENTRY122_INPUT_MID, 0x0000, 
ENTRY122_INPUT_OFFSET, 0, 
ENTRY122_OUTPUT_MID, 0x0000, 
ENTRY122_OUTPUT_OFFSET, 0, 
ENTRY122_NUM_BYTES, 0, 
ENTRY123_INPUT_MID, 0x0000, 
ENTRY123_INPUT_OFFSET, 0, 
ENTRY123_OUTPUT_MID, 0x0000, 
ENTRY123_OUTPUT_OFFSET, 0, 
ENTRY123_NUM_BYTES, 0, 
ENTRY124_INPUT_MID, 0x0000, 
ENTRY124_INPUT_OFFSET, 0, 
ENTRY124_OUTPUT_MID, 0x0000, 
ENTRY124_OUTPUT_OFFSET, 0, 
ENTRY124_NUM_BYTES, 0, 
ENTRY125_INPUT_MID, 0x0000, 
ENTRY125_INPUT_OFFSET, 0, 
ENTRY125_OUTPUT_MID, 0x0000, 
ENTRY125_OUTPUT_OFFSET, 0, 
ENTRY125_NUM_BYTES, 0, 
ENTRY126_INPUT_MID, 0x0000, 
ENTRY126_INPUT_OFFSET, 0, 
ENTRY126_OUTPUT_MID, 0x0000, 
ENTRY126_OUTPUT_OFFSET, 0, 
ENTRY126_NUM_BYTES, 0, 
ENTRY127_INPUT_MID, 0x0000, 
ENTRY127_INPUT_OFFSET, 0, 
ENTRY127_OUTPUT_MID, 0x0000, 
ENTRY127_OUTPUT_OFFSET, 0, 
ENTRY127_NUM_BYTES, 0, 

